<?xml version="1.0"?>
<!DOCTYPE Configure PUBLIC "-//Mort Bay Consulting//DTD Configure//EN" "http://jetty.mortbay.org/configure.dtd">

<!-- =============================================================== -->
<!-- Configure the Jetty Server -->
<!-- -->
<!-- Documentation of this file format can be found at: -->
<!-- http://docs.codehaus.org/display/JETTY/jetty.xml -->
<!-- -->
<!-- =============================================================== -->


<Configure id="Server" class="org.mortbay.jetty.Server">
	<!-- Needed for jndi-lookup support EN20091005 -->
	<Array id="plusConfig" type="java.lang.String">
		<Item>org.mortbay.jetty.webapp.WebInfConfiguration</Item>
		<Item>org.mortbay.jetty.plus.webapp.EnvConfiguration</Item>
		<Item>org.mortbay.jetty.plus.webapp.Configuration</Item>
		<Item>org.mortbay.jetty.webapp.JettyWebXmlConfiguration</Item>
		<Item>org.mortbay.jetty.webapp.TagLibConfiguration</Item>
	</Array>
	<New id="transitionDs" class="org.mortbay.jetty.plus.naming.Resource">
		<Arg>jdbc/DSTransitionMQ</Arg>
		<Arg>
			<New class="com.mchange.v2.c3p0.ComboPooledDataSource">
				<Set name="DriverClass">com.mysql.jdbc.Driver</Set>
				<Set name="jdbcUrl">jdbc:mysql://nana/transitionmq?useUnicode=true&amp;characterEncoding=UTF-8&amp;autoReconnect=true</Set>
				<Set name="User">transitionmq</Set>
				<Set name="Password">pingu123</Set>
				<Set name="maxIdleTime">3600</Set>
			</New>
		</Arg>
	</New>
	<New id="importStateDs" class="org.mortbay.jetty.plus.naming.Resource">
		<Arg>jdbc/DSTransitionState</Arg>
		<Arg>
			<New class="com.mchange.v2.c3p0.ComboPooledDataSource">
				<Set name="DriverClass">com.mysql.jdbc.Driver</Set>
				<Set name="jdbcUrl">jdbc:mysql://nana/transitionstate?useUnicode=true&amp;characterEncoding=UTF-8&amp;autoReconnect=true</Set>
				<Set name="User">transitionstate</Set>
				<Set name="Password">pingu123</Set>
				<Set name="maxIdleTime">3600</Set>
			</New>
		</Arg>
	</New>
	<New id="zettDs" class="org.mortbay.jetty.plus.naming.Resource">
		<Arg>jdbc/DSZett</Arg>
		<Arg>
			<New class="com.mchange.v2.c3p0.ComboPooledDataSource">
				<Set name="DriverClass">org.postgresql.Driver</Set>
				<Set name="jdbcUrl">jdbc:postgresql://nana:5432/zett</Set>
				<Set name="User">zett</Set>
				<Set name="Password">zett</Set>
				<Set name="maxIdleTime">3600</Set>
			</New>
		</Arg>
	</New>
	<New class="org.mortbay.jetty.plus.naming.EnvEntry">
		<Arg></Arg>
		<Arg>zettMemcachedHost</Arg>
		<Arg type="java.lang.String">nana:11211</Arg> <!-- In bkk we use nana for zettmemcached aswell, since we have a different database -->
		<Arg type="boolean">true</Arg>
	</New>
	<New class="org.mortbay.jetty.plus.naming.EnvEntry">
		<Arg></Arg>
		<Arg>zettMemcachedWeight</Arg>
		<Arg type="java.lang.String">1</Arg>
		<Arg type="boolean">true</Arg>
	</New>
	<!-- =========================================================== -->
	<!-- Server Thread Pool -->
	<!-- =========================================================== -->
	<Set name="ThreadPool">

		<New class="org.mortbay.thread.QueuedThreadPool">
			<Set name="minThreads">10</Set>
			<Set name="maxThreads">200</Set>
			<Set name="lowThreads">20</Set>
			<Set name="SpawnOrShrinkAt">2</Set>
		</New>

		<!-- Optional Java 5 bounded threadpool with job queue <New class="org.mortbay.thread.concurrent.ThreadPool"> 
			<Set name="corePoolSize">50</Set> <Set name="maximumPoolSize">50</Set> </New> -->
	</Set>



	<!-- =========================================================== -->
	<!-- Set connectors -->
	<!-- =========================================================== -->
	<!-- One of each type! -->
	<!-- =========================================================== -->

	<!-- Use this connector for many frequently idle connections and for threadless 
		continuations. -->
	<Call name="addConnector">
		<Arg>
			<New class="org.mortbay.jetty.nio.SelectChannelConnector">
				<Set name="host"><SystemProperty name="jetty.host" /></Set>
				<Set name="port"><SystemProperty name="jetty.port" default="9030" /></Set>
				<Set name="maxIdleTime">30000</Set>
				<Set name="Acceptors">2</Set>
				<Set name="statsOn">true</Set>
				<Set name="confidentialPort">8443</Set>
				<Set name="lowResourcesConnections">5000</Set>
				<Set name="lowResourcesMaxIdleTime">5000</Set>
			</New>
		</Arg>
	</Call>

	<!-- =========================================================== -->
	<!-- Set handler Collection Structure -->
	<!-- =========================================================== -->
	<Set name="handler">
		<New class="org.mortbay.jetty.handler.StatisticsHandler">
			<Set name="handler">
				<New id="handlers" class="org.mortbay.jetty.handler.HandlerCollection">
					<Set name="handlers">
						<Array type="org.mortbay.jetty.Handler">
							<Item>
								<New id="contexts" class="org.mortbay.jetty.handler.ContextHandlerCollection" />
							</Item>
							<Item>
								<New id="defaultHandler" class="org.mortbay.jetty.handler.DefaultHandler" />
							</Item>
							<Item>
								<New id="requestLog" class="org.mortbay.jetty.handler.RequestLogHandler" />
							</Item>
						</Array>
					</Set>
				</New>
			</Set>
		</New>
	</Set>

	<!-- Use this connector if NIO is not available. <Call name="addConnector"> 
		<Arg> <New class="org.mortbay.jetty.bio.SocketConnector"> <Set name="port">8081</Set> 
		<Set name="maxIdleTime">50000</Set> <Set name="lowResourceMaxIdleTime">1500</Set> 
		</New> </Arg> </Call> -->

	<!-- - - - - - - - - - - - - - - - - - - - - - - - - - - - - - - - - -->
	<!-- To add a HTTPS SSL listener -->
	<!-- see jetty-ssl.xml to add an ssl connector. use -->
	<!-- java -jar start.jar etc/jetty.xml etc/jetty-ssl.xml -->
	<!-- - - - - - - - - - - - - - - - - - - - - - - - - - - - - - - - - -->

	<!-- - - - - - - - - - - - - - - - - - - - - - - - - - - - - - - - - -->
	<!-- To allow Jetty to be started from xinetd -->
	<!-- mixin jetty-xinetd.xml: -->
	<!-- java -jar start.jar etc/jetty.xml etc/jetty-xinetd.xml -->
	<!-- -->
	<!-- See jetty-xinetd.xml for further instructions. -->
	<!-- - - - - - - - - - - - - - - - - - - - - - - - - - - - - - - - - -->

	<!-- =========================================================== -->
	<!-- Set up global session ID manager -->
	<!-- =========================================================== -->
	<!-- <Set name="sessionIdManager"> <New class="org.mortbay.jetty.servlet.HashSessionIdManager"> 
		<Set name="workerName">node1</Set> </New> </Set> -->

	<!-- =========================================================== -->
	<!-- Set handler Collection Structure -->
	<!-- =========================================================== -->
	<Set name="handler">
		<New id="Handlers" class="org.mortbay.jetty.handler.HandlerCollection">
			<Set name="handlers">
				<Array type="org.mortbay.jetty.Handler">
					<Item>
						<New id="Contexts" class="org.mortbay.jetty.handler.ContextHandlerCollection" />
					</Item>
					<Item>
						<New id="DefaultHandler" class="org.mortbay.jetty.handler.DefaultHandler" />
					</Item>
					<Item>
						<New id="RequestLog" class="org.mortbay.jetty.handler.RequestLogHandler" />
					</Item>
				</Array>
			</Set>
		</New>
	</Set>

	<!-- =========================================================== -->
	<!-- Configure the context deployer -->
	<!-- A context deployer will deploy contexts described in -->
	<!-- configuration files discovered in a directory. -->
	<!-- The configuration directory can be scanned for hot -->
	<!-- deployments at the configured scanInterval. -->
	<!-- -->
	<!-- This deployer is configured to deploy contexts configured -->
	<!-- in the $JETTY_HOME/contexts directory -->
	<!-- -->
	<!-- =========================================================== -->
	<Call name="addLifeCycle">
		<Arg>
			<New class="org.mortbay.jetty.deployer.ContextDeployer">
				<Set name="contexts"><Ref id="Contexts" /></Set>
				<Set name="configurationDir"><SystemProperty name="jetty.home" default="." />/contexts</Set>
				<Set name="scanInterval">5</Set>
			</New>
		</Arg>
	</Call>

	<!-- =========================================================== -->
	<!-- Configure the webapp deployer. -->
	<!-- A webapp deployer will deploy standard webapps discovered -->
	<!-- in a directory at startup, without the need for additional -->
	<!-- configuration files. It does not support hot deploy or -->
	<!-- non standard contexts (see ContextDeployer above). -->
	<!-- -->
	<!-- This deployer is configured to deploy webapps from the -->
	<!-- $JETTY_HOME/webapps directory -->
	<!-- -->
	<!-- Normally only one type of deployer need be used. -->
	<!-- -->
	<!-- =========================================================== -->
	<Call name="addLifeCycle">
		<Arg>
			<New class="org.mortbay.jetty.deployer.WebAppDeployer">
				<Set name="contexts"><Ref id="Contexts" /></Set>
				<Set name="webAppDir"><SystemProperty name="jetty.home" default="." />/webapps</Set>
				<Set name="parentLoaderPriority">false</Set>
				<Set name="extract">true</Set>
				<Set name="allowDuplicates">false</Set>
				<Set name="defaultsDescriptor"><SystemProperty name="jetty.home" default="." />/etc/webdefault.xml</Set>
				<!-- EN20091005 Activating jndi stuff for all deployable things. -->
				<Set name="configurationClasses"><Ref id="plusConfig" /></Set>
			</New>
		</Arg>
	</Call>

	<!-- =========================================================== -->
	<!-- Configure Authentication Realms -->
	<!-- Realms may be configured for the entire server here, or -->
	<!-- they can be configured for a specific web app in a context -->
	<!-- configuration (see $(jetty.home)/contexts/test.xml for an -->
	<!-- example). -->
	<!-- =========================================================== -->
	<Set name="UserRealms">
		<Array type="org.mortbay.jetty.security.UserRealm">
			<Item>
				<New class="org.mortbay.jetty.security.HashUserRealm">
					<Set name="name">ApiAdminRealm</Set>
					<Set name="config"><SystemProperty name="api.config.path" default="/etc/api" />/apiadmin-realm.properties</Set>
				</New>
			</Item>
		</Array>
	</Set>
	 -->
	<!-- =========================================================== -->
	<!-- Configure Request Log -->
	<!-- Request logs may be configured for the entire server here, -->
	<!-- or they can be configured for a specific web app in a -->
	<!-- contexts configuration (see $(jetty.home)/contexts/test.xml -->
	<!-- for an example). -->
	<!-- =========================================================== -->
	<Ref id="RequestLog">
		<Set name="requestLog">
			<!-- Turning off request log <New id="RequestLogImpl" class="org.mortbay.jetty.NCSARequestLog"> 
				<Set name="filename"><SystemProperty name="jetty.logs" default="./logs"/>/yyyy_mm_dd.request.log</Set> 
				<Set name="filenameDateFormat">yyyy_MM_dd</Set> <Set name="retainDays">90</Set> 
				<Set name="append">true</Set> <Set name="extended">true</Set> <Set name="logCookies">false</Set> 
				<Set name="LogTimeZone">GMT+1</Set> </New> -->
		</Set>
	</Ref>

	<!-- =========================================================== -->
	<!-- extra options -->
	<!-- =========================================================== -->
	<Set name="stopAtShutdown">true</Set>
	<Set name="sendServerVersion">true</Set>
	<Set name="sendDateHeader">true</Set>
	<Set name="gracefulShutdown">1000</Set>

</Configure>
